app_id,category_id
1,1
1,2
2,1
3,3
4,4
5,1
6,3
6,5
7,2
8,1
8,2
9,1
10,1
11,1
12,6
13,2
14,5
15,1
15,6
16,7
17,1
18,8
19,2
20,1
20,3
21,1
22,1
23,1
24,3
25,1
25,3
26,9
26,4
27,9
28,1
29,1
30,1
31,1
31,3
32,1
33,1
33,3
34,2
35,8
36,1
37,1
37,2
38,1
38,4
39,1
39,2
40,6
41,1
41,2
42,1
43,1
43,3
44,2
44,10
45,1
45,5
46,1
47,1
48,1
49,3
49,2
50,1
51,1
51,2
52,1
53,2
54,1
54,3
55,2
56,3
57,1
57,2
58,1
59,1
60,3
60,2
61,1
62,3
63,1
63,2
64,3
65,1
66,3
67,9
68,2
68,10
69,1
69,2
70,1
71,1
72,3
73,1
73,3
74,1
75,3
76,1
77,1
78,2
79,3
80,1
80,4
81,1
81,7
82,10
83,1
84,6
85,2
85,10
86,2
87,6
88,6
89,6
89,4
90,9
91,6
92,4
93,1
93,2
94,1
95,2
96,1
97,1
98,1
98,3
98,2
99,1
100,6
100,5
101,1
102,6
103,1
103,3
104,3
105,1
106,1
106,2
107,5
108,6
108,4
109,2
110,1
111,2
112,11
113,11
114,1
115,2
116,1
117,8
117,6
117,4
118,1
118,2
119,3
120,1
120,2
121,1
121,2
122,1
122,6
123,3
123,2
124,1
124,2
125,2
125,9
126,1
127,9
128,1
128,2
129,9
129,10
130,3
131,1
132,1
133,1
134,3
135,3
136,1
137,1
138,1
139,2
140,3
141,1
142,1
143,9
143,4
144,1
145,1
145,6
146,2
147,1
147,9
148,1
149,1
149,2
150,5
151,1
151,3
152,2
152,9
153,3
154,11
155,6
156,1
157,1
158,8
159,2
159,10
160,6
160,11
161,3
162,9
163,6
164,11
164,10
165,9
165,4
166,6
166,11
167,2
168,1
169,2
170,1
170,6
170,11
171,1
171,4
172,2
172,10
173,1
174,1
175,1
176,1
177,10
178,8
179,1
179,3
180,2
181,8
182,1
183,1
184,1
184,2
185,1
186,3
187,3
188,7
189,1
189,3
190,1
190,3
190,2
191,2
192,6
192,11
193,2
194,5
195,1
196,1
196,2
197,1
197,2
198,7
199,1
199,3
200,1
201,6
202,11
203,1
204,2
205,8
206,2
206,5
206,10
207,3
208,3
209,1
209,2
210,3
210,2
211,2
211,9
212,8
213,2
213,5
214,6
214,11
215,3
215,2
215,9
216,1
216,2
217,1
217,3
218,7
219,2
220,2
221,1
222,3
223,3
223,10
224,2
225,1
226,5
227,6
227,9
228,1
229,3
229,2
230,6
231,1
232,8
233,1
233,3
234,1
234,6
235,1
236,1
236,3
237,1
237,2
238,1
238,2
239,1
239,2
240,1
241,2
242,7
243,2
243,6
244,6
244,4
245,8
246,1
246,6
247,1
248,1
249,5
250,1
251,2
252,7
253,1
254,1
255,1
256,1
257,1
257,2
258,2
259,1
260,1
260,2
261,1
262,3
262,10
263,2
264,5
265,1
265,2
266,8
267,3
268,1
268,3
269,1
270,1
270,3
270,2
271,3
272,4
273,1
273,2
274,1
275,1
276,1
277,5
278,1
278,2
279,5
280,1
280,3
281,8
282,3
282,2
283,3
284,6
285,1
286,4
287,6
287,9
288,2
289,1
290,1
291,1
292,1
293,3
294,3
295,3
296,3
296,2
297,1
297,3
298,6
299,3
300,2
301,1
302,3
303,6
304,2
305,1
306,1
307,5
308,1
309,1
310,7
311,6
312,1
312,2
313,8
314,8
315,1
315,2
316,1
317,1
317,2
318,3
319,1
320,3
321,1
322,2
323,10
324,6
325,9
326,3
327,6
328,1
328,3
329,2
330,1
330,9
331,4
332,3
332,2
333,1
334,6
335,3
336,1
336,4
337,8
338,6
339,6
340,1
341,2
342,2
343,1
344,1
345,4
346,1
346,3
347,2
348,3
349,9
349,4
350,8
351,9
351,10
352,1
353,1
354,4
355,5
356,12
356,6
357,5
358,1
359,1
359,2
360,6
360,11
361,1
362,2
363,1
364,1
364,6
365,2
366,1
367,1
367,2
368,3
368,2
369,6
370,2
371,1
371,2
372,9
372,4
373,1
374,2
375,9
376,3
377,1
377,2
378,1
378,2
379,3
379,2
380,2
381,3
382,2
382,9
383,3
384,1
384,2
385,1
385,2
386,1
387,1
388,11
389,3
390,3
390,2
391,1
392,1
393,1
393,3
394,1
394,2
395,3
396,1
396,7
397,2
398,1
399,1
400,2
401,6
401,4
402,9
403,2
404,1
405,1
406,1
407,1
408,1
409,1
410,1
410,6
411,1
412,3
413,3
414,1
414,2
415,2
416,6
417,2
418,4
419,2
420,1
421,5
422,3
423,1
423,2
424,3
424,10
425,3
426,3
427,1
428,6
429,1
429,3
430,5
431,3
432,3
433,1
433,3
434,1
434,3
434,2
435,1
436,1
436,2
437,1
438,1
439,3
440,3
441,6
442,5
443,1
444,1
445,2
445,10
446,8
447,1
448,1
448,3
449,1
450,6
451,1
452,3
453,1
453,4
454,1
455,3
456,1
456,2
457,6
457,5
458,3
459,3
459,10
460,1
460,3
461,1
462,6
462,5
463,6
464,9
465,1
466,3
466,2
467,3
467,4
468,2
469,2
470,2
470,4
471,3
471,5
472,1
472,3
472,2
473,1
474,8
475,1
476,1
476,2
477,1
478,1
479,3
479,2
480,4
481,3
481,2
482,1
482,2
482,7
483,6
483,4
484,9
484,4
485,3
486,1
487,12
488,3
488,10
489,1
489,2
490,1
491,1
491,2
492,6
493,6
494,5
495,1
495,3
495,5
496,2
496,10
497,3
498,1
499,2
500,2
501,4
502,7
503,1
504,1
505,10
506,6
507,1
508,1
508,3
509,1
510,9
511,2
512,3
513,8
514,5
515,8
516,5
517,2
518,1
519,9
520,1
520,2
521,3
522,4
522,10
523,12
523,1
523,3
524,7
525,7
526,3
527,3
527,2
527,6
528,3
529,2
529,10
530,1
530,5
531,5
532,3
533,1
534,2
535,2
535,10
536,2
536,5
537,7
538,5
539,1
539,3
539,2
540,1
541,11
542,2
543,2
544,9
545,6
546,1
547,2
548,1
548,2
549,1
549,2
550,6
550,5
551,1
552,1
552,2
553,1
553,3
554,3
555,3
556,6
557,1
558,3
558,5
558,10
559,10
560,3
561,3
562,10
563,4
564,1
565,6
565,11
566,2
567,1
567,7
568,1
569,2
570,1
570,3
570,2
571,1
571,2
572,1
573,3
574,6
574,5
575,1
575,3
575,2
576,5
577,6
577,9
577,4
578,5
579,4
580,9
581,2
582,6
582,11
583,3
584,1
585,1
585,2
586,1
586,3
586,2
587,1
587,2
588,1
588,2
589,3
590,7
591,1
591,4
592,2
593,3
593,2
594,3
594,2
595,1
595,3
596,3
597,1
598,1
598,3
598,2
599,7
600,1
601,1
601,3
601,10
602,1
603,3
604,1
605,2
605,10
606,3
607,3
608,2
609,1
609,3
609,2
610,1
610,3
611,6
612,7
613,1
614,1
615,6
616,6
616,4
617,7
618,1
618,3
619,1
619,3
620,8
621,1
621,2
622,4
623,7
624,2
625,1
626,3
627,2
628,2
629,6
630,1
631,1
632,1
632,7
633,1
634,3
635,1
636,1
636,3
636,2
637,1
638,3
639,2
640,3
640,2
641,1
642,1
642,3
643,2
644,1
645,8
646,1
647,6
648,8
648,9
649,3
650,2
651,2
652,1
652,2
653,9
654,3
655,9
656,1
656,3
656,6
657,5
658,10
659,6
660,10
661,6
662,6
663,1
664,1
665,2
665,9
666,3
667,3
668,1
669,1
670,1
670,5
671,2
672,10
673,9
674,2
674,11
674,10
675,1
675,2
676,1
677,5
678,3
678,2
679,1
680,1
680,2
681,1
681,3
682,3
683,11
683,10
684,1
685,1
685,2
686,1
686,2
687,1
688,3
689,3
690,3
690,2
691,8
691,9
692,5
693,3
694,6
695,1
696,9
697,1
697,6
698,1
698,6
699,6
699,5
700,1
701,6
702,11
702,10
703,5
704,6
705,1
706,9
706,4
707,9
707,10
708,3
709,6
710,6
710,9
711,1
712,2
713,5
713,11
713,10
714,1
715,9
716,2
717,3
718,3
719,6
720,1
721,9
722,2
723,1
724,1
725,8
726,3
726,2
727,1
728,3
729,6
730,3
731,4
732,3
733,9
734,1
734,3
735,5
736,1
736,3
737,3
738,10
739,1
740,1
740,2
741,8
742,1
742,6
743,3
744,2
745,1
746,1
747,1
747,2
748,1
749,3
750,3
750,10
751,5
752,9
752,10
753,8
754,3
755,1
755,3
756,8
757,6
758,1
759,1
760,3
760,5
761,12
762,1
763,8
764,1
765,9
766,12
767,1
767,3
768,1
768,2
769,7
770,1
770,2
771,8
772,1
773,1
773,3
773,2
774,5
775,6
776,1
777,1
777,7
778,1
778,2
779,1
780,3
780,2
781,2
782,6
783,3
784,5
785,12
786,6
787,1
788,12
788,6
788,9
789,3
790,1
791,8
791,1
792,1
792,2
793,1
793,2
794,3
795,1
796,2
796,5
796,10
797,3
798,3
799,1
799,3
800,1
801,1
801,2
802,12
802,5
803,12
803,1
803,2
804,1
805,3
806,6
807,1
808,12
809,1
810,9
811,5
812,1
812,6
813,1
814,1
814,2
815,1
816,4
817,1
817,2
817,5
818,1
818,2
818,6
819,1
819,3
820,3
821,6
822,1
823,2
823,11
823,10
824,1
825,1
825,2
826,1
826,3
827,1
828,10
829,1
830,1
830,7
831,1
831,2
832,12
833,1
834,1
835,1
836,1
837,7
838,1
838,2
839,4
840,1
840,2
841,3
842,1
843,1
844,1
844,3
845,1
846,2
847,1
848,6
848,5
849,1
849,3
849,2
850,8
851,8
852,1
852,2
853,7
854,1
854,3
854,2
855,2
856,1
857,1
857,6
858,8
859,3
859,2
860,2
861,1
862,1
862,3
863,5
864,1
864,6
865,1
866,9
867,12
867,9
867,4
868,3
869,1
869,6
870,1
870,3
870,2
871,4
872,12
872,6
873,1
874,9
875,8
876,12
876,6
876,9
877,6
878,6
878,11
879,1
879,6
880,2
881,3
882,2
882,5
883,1
884,12
884,6
884,9
885,6
886,9
887,1
887,6
888,12
888,6
888,9
889,2
890,6
891,6
892,3
893,1
894,6
895,12
895,6
895,9
896,5
897,3
897,2
897,5
898,1
898,6
899,3
900,1
900,3
900,2
901,6
901,5
902,1
903,1
903,5
904,6
904,4
905,6
906,1
907,1
907,3
907,2
908,1
909,3
909,5
909,10
910,6
911,8
912,1
912,3
912,2
913,7
914,1
915,1
916,1
917,6
918,1
918,5
919,1
920,7
921,12
922,6
923,6
924,1
924,6
924,7
925,1
926,6
927,2
928,3
929,2
929,10
930,1
931,5
932,1
933,3
934,2
934,10
935,2
936,1
937,3
938,3
939,6
940,8
941,2
942,3
943,7
944,1
944,6
945,1
945,6
946,6
947,12
947,1
947,3
948,1
948,5
949,6
949,5
950,7
951,1
951,2
952,6
952,5
953,2
954,9
954,4
955,1
956,1
956,3
957,1
958,2
959,1
960,1
960,2
961,1
962,1
963,9
964,6
965,1
965,2
965,7
966,3
967,3
968,6
969,1
970,6
970,11
971,5
972,2
973,6
974,1
975,1
976,12
976,3
976,9
977,6
977,5
978,6
978,5
979,1
979,5
980,1
980,3
981,1
981,6
981,11
982,10
983,3
984,1
984,2
985,9
985,10
986,4
987,8
987,6
988,1
988,2
989,3
990,6
990,5
991,3
992,1
992,6
993,1
994,3
995,3
995,2
996,1
997,2
998,4
999,3
1000,1
1000,3
1001,3
1001,2
1002,6
1003,1
1004,1
1005,2
1006,1
1007,9
1008,2
1009,1
1010,1
1011,6
1012,1
1012,2
1013,6
1013,9
1014,1
1014,2
1015,2
1016,6
1017,12
1018,1
1018,3
1018,2
1019,8
1020,8
1021,1
1022,1
1023,2
1023,10
1024,11
1025,3
1026,1
1027,2
1027,9
1028,6
1029,8
1030,1
1030,5
1031,6
1032,4
1033,6
1034,6
1035,6
1036,1
1036,2
1037,1
1038,5
1039,8
1040,2
1040,10
1041,6
1041,11
1042,1
1042,3
1043,1
1043,3
1043,2
1043,6
1044,1
1045,1
1046,6
1046,9
1047,1
1047,3
1048,6
1049,3
1049,4
1050,1
1051,1
1052,3
1053,5
1053,4
1054,3
1054,2
1055,3
1055,2
1056,1
1056,3
1056,2
1056,5
1057,1
1057,3
1057,2
1058,4
1059,1
1060,1
1061,3
1061,2
1062,2
1063,3
1063,2
1064,6
1064,5
1065,6
1066,1
1066,3
1067,2
1068,1
1068,2
1069,1
1069,3
1070,1
1071,1
1071,2
1072,7
1073,9
1074,1
1074,2
1075,1
1076,1
1076,7
1077,5
1078,1
1079,1
1080,6
1080,4
1081,1
1081,5
1082,3
1082,2
1083,2
1084,8
1085,2
1085,5
1085,10
1086,1
1086,6
1087,6
1088,1
1089,2
1090,2
1091,6
1091,9
1092,4
1093,6
1094,2
1095,9
1096,1
1097,3
1098,11
1098,10
1099,1
1100,8
1101,12
1101,6
1101,9
1102,11
1103,1
1104,6
1105,8
1106,12
1106,3
1107,11
1107,10
1108,1
1109,1
1109,3
1109,2
1110,6
1111,6
1112,12
1112,6
1112,9
1113,1
1113,7
1114,9
1115,6
1116,6
1117,1
1117,3
1118,2
1119,1
1120,6
1120,4
1121,1
1122,1
1122,3
1123,1
1124,1
1124,2
1125,6
1126,6
1127,2
1128,6
1129,3
1130,6
1131,6
1132,6
1133,12
1134,5
1135,6
1136,1
1136,3
1137,6
1138,2
1139,1
1140,6
1141,6
1142,6
1143,6
1144,1
1144,4
1145,6
1146,7
1147,1
1148,2
1149,8
1150,1
1151,1
1151,3
1152,3
1152,2
1153,9
1154,6
1155,1
1155,4
1156,1
1157,2
1158,1
1158,3
1159,1
1159,2
1160,6
1160,9
1161,2
1162,1
1163,6
1163,5
1164,1
1165,1
1166,2
1167,11
1167,10
1168,1
1168,2
1169,2
1170,11
1171,3
1172,1
1172,2
1173,1
1174,3
1175,1
1175,6
1176,2
1176,10
1177,6
1178,11
1179,1
1179,2
1180,2
1181,5
1182,8
1183,6
1184,1
1184,2
1185,6
1185,11
1186,1
1187,6
1188,1
1188,2
1189,1
1189,2
1190,6
1191,1
1191,2
1192,1
1192,2
1193,8
1194,3
1195,6
1196,8
1197,1
1197,6
1197,4
1198,3
1198,5
1199,11
1200,9
1201,1
1201,2
1202,3
1203,8
1204,3
1205,1
1205,6
1206,6
1207,3
1207,2
1208,2
1209,3
1209,2
1209,5
1210,11
1210,10
1211,1
1211,3
1212,1
1213,1
1214,1
1215,3
1215,2
1215,6
1216,3
1216,6
1216,5
1217,1
1217,3
1218,1
1219,5
1220,9
1220,10
1221,9
1222,2
1223,4
1224,1
1224,3
1225,1
1225,3
1226,1
1226,2
1227,5
1228,3
1229,3
1229,5
1229,4
1230,12
1230,6
1230,9
1231,1
1232,1
1233,2
1234,6
1234,11
1235,2
1236,1
1236,2
1237,3
1238,5
1239,6
1239,9
1240,3
1241,3
1242,12
1243,11
1244,1
1244,2
1245,1
1245,3
1245,2
1246,1
1246,7
1247,6
1248,3
1249,9
1250,6
1251,2
1252,1
1253,5
1254,2
1254,6
1255,1
1256,3
1257,1
1258,2
1259,6
1260,1
1261,3
1261,5
1262,5
1263,4
1264,1
1264,2
1265,1
1265,3
1265,2
1266,3
1267,6
1268,3
1269,3
1270,1
1271,9
1272,6
1273,9
1274,8
1275,2
1276,9
1277,2
1278,6
1279,1
1280,6
1280,9
1281,1
1282,3
1283,2
1284,6
1284,11
1285,12
1286,1
1286,2
1287,3
1287,2
1288,6
1288,9
1289,2
1290,1
1290,2
1291,1
1292,11
1292,10
1293,1
1294,1
1295,9
1296,1
1296,7
1297,1
1298,8
1299,3
1299,4
1300,6
1300,10
1301,1
1302,1
1303,9
1304,2
1305,1
1305,3
1306,8
1306,12
1307,3
1308,2
1309,1
1309,3
1310,1
1311,8
1312,2
1313,5
1314,3
1315,5
1316,1
1316,11
1317,6
1318,1
1319,2
1319,10
1320,1
1320,2
1321,6
1322,6
1323,1
1323,3
1323,2
1324,2
1325,8
1326,1
1326,7
1327,6
1328,1
1328,6
1329,3
1330,1
1331,1
1331,2
1332,1
1332,2
1333,11
1333,10
1334,3
1334,2
1335,12
1335,6
1336,1
1337,6
1338,3
1339,1
1339,3
1339,2
1340,6
1341,1
1342,6
1342,4
1343,1
1343,3
1344,1
1344,2
1345,1
1346,9
1347,6
1348,6
1348,11
1349,2
1349,10
1350,1
1351,12
1351,6
1351,9
1352,6
1353,1
1353,3
1354,6
1355,1
1356,1
1356,3
1357,6
1357,9
1358,1
1359,9
1360,1
1361,3
1362,8
1363,6
1364,5
1365,6
1365,9
1366,1
1366,2
1367,1
1368,6
1369,3
1369,2
1370,1
1370,2
1371,3
1372,1
1372,3
1372,2
1373,3
1374,1
1375,8
1376,1
1376,2
1377,6
1377,5
1378,2
1378,5
1379,1
1379,3
1380,1
1380,2
1381,6
1382,3
1383,3
1384,12
1384,6
1385,2
1386,3
1387,2
1388,12
1388,3
1389,1
1389,3
1389,2
1389,10
1390,12
1390,6
1391,1
1391,2
1392,6
1392,5
1393,1
1393,2
1394,1
1395,2
1396,1
1397,1
1398,1
1399,5
1400,2
1401,1
1402,1
1402,6
1402,5
1403,7
1404,3
1405,8
1406,4
1407,1
1407,7
1408,3
1408,10
1409,1
1409,3
1410,1
1411,1
1411,6
1411,5
1412,6
1413,1
1414,3
1414,5
1415,12
1415,9
1416,3
1416,2
1417,3
1417,2
1418,3
1419,11
1420,1
1420,6
1421,6
1422,6
1423,1
1424,11
1424,10
1425,1
1425,3
1426,9
1427,5
1428,9
1429,11
1430,9
1430,10
1431,3
1432,6
1433,11
1433,10
1434,2
1434,11
1434,10
1435,3
1436,5
1436,7
1437,11
1438,1
1439,2
1440,9
1441,11
1441,10
1442,1
1443,1
1444,1
1444,3
1445,3
1446,2
1447,11
1447,10
1448,11
1448,10
1449,11
1449,10
1450,11
1451,1
1452,9
1453,1
1453,3
1454,1
1454,3
1455,8
1456,5
1457,11
1458,3
1459,3
1459,2
1460,1
1461,1
1461,2
1462,6
1463,5
1464,5
1465,9
1466,8
1467,1
1467,6
1467,5
1468,1
1469,1
1470,9
1470,4
1471,1
1472,1
1472,7
1473,3
1474,2
1475,4
1476,6
1476,9
1477,12
1477,1
1477,6
1478,12
1478,6
1478,9
1479,1
1479,2
1480,1
1481,7
1482,7
1483,9
1484,8
1485,8
1486,5
1487,1
1488,3
1489,12
1490,3
1490,2
1490,10
1491,3
1492,2
1492,5
1493,2
1494,3
1494,10
1495,1
1496,1
1497,7
1498,1
1498,2
1499,5
1500,6
1500,5
1501,3
1501,2
1501,10
1502,3
1503,11
1504,12
1505,11
1505,4
1505,10
1506,1
1506,2
1507,2
1508,1
1508,2
1509,1
1509,9
1509,4
1510,10
1511,2
1512,1
1513,5
1514,1
1514,3
1515,3
1516,3
1517,1
1517,5
1517,4
1518,1
1518,2
1519,1
1519,6
1520,12
1520,6
1520,9
1521,12
1522,7
1523,1
1523,2
1524,8
1525,1
1525,2
1526,6
1527,3
1528,6
1529,6
1530,8
1531,8
1532,3
1532,2
1533,1
1534,3
1534,10
1535,1
1535,3
1536,11
1536,10
1537,8
1538,1
1539,6
1539,7
1540,1
1540,2
1541,8
1542,6
1542,11
1542,10
1543,1
1544,2
1545,1
1546,1
1546,5
1547,1
1548,7
1549,6
1550,2
1551,1
1551,6
1552,5
1553,1
1554,1
1555,6
1555,11
1556,4
1557,6
1558,1
1558,2
1558,10
1559,8
1560,1
1561,6
1562,1
1562,2
1563,1
1564,3
1565,1
1566,1
1566,2
1567,8
1568,3
1568,10
1569,6
1570,1
1571,2
1572,1
1572,3
1573,2
1574,6
1575,1
1575,5
1575,4
1576,1
1576,5
1577,1
1577,5
1578,6
1579,1
1579,3
1579,2
1580,2
1581,3
1581,2
1582,1
1582,7
1583,6
1583,5
1584,1
1584,6
1585,1
1586,12
1587,6
1588,6
1589,6
1589,5
1590,3
1590,2
1590,5
1590,10
1591,1
1592,3
1593,1
1594,1
1595,2
1596,3
1597,3
1598,1
1599,12
1599,6
1599,9
1600,1
1600,2
1601,6
1601,9
1602,5
1603,2
1603,9
1604,6
1604,11
1605,6
1606,1
1607,1
1607,3
1608,1
1609,2
1610,8
1611,1
1611,3
1612,6
1613,1
1613,2
1614,1
1615,2
1616,5
1617,2
1618,6
1619,4
1620,1
1620,2
1621,1
1622,5
1623,1
1623,3
1624,2
1624,4
1625,1
1626,2
1627,3
1628,2
1628,9
1629,1
1630,1
1631,10
1632,6
1633,6
1634,9
1635,6
1635,10
1636,5
1637,2
1638,5
1639,2
1640,5
1641,1
1642,11
1643,1
1643,7
1644,3
1645,6
1646,2
1647,6
1648,3
1648,5
1648,10
1649,1
1649,4
1650,3
1651,6
1652,10
1653,5
1654,3
1654,10
1655,1
1656,1
1657,6
1657,5
1658,1
1659,1
1660,8
1661,2
1662,3
1662,2
1663,8
1664,3
1664,4
1665,2
1665,6
1666,1
1666,2
1667,2
1668,8
1669,1
1669,5
1670,1
1671,1
1671,7
1672,6
1672,11
1673,3
1673,2
1673,10
1674,1
1674,6
1675,8
1676,6
1677,11
1677,10
1678,2
1679,1
1680,8
1681,6
1681,5
1682,1
1683,12
1684,1
1684,7
1685,2
1685,10
1686,1
1686,5
1687,1
1687,3
1687,5
1688,1
1689,1
1690,6
1690,5
1691,1
1691,2
1692,1
1693,2
1693,5
1694,7
1695,1
1695,5
1696,1
1696,7
1697,2
1698,2
1699,6
1700,1
1700,2
1701,1
1701,3
1702,1
1703,2
1704,1
1704,3
1705,1
1705,2
1706,1
1706,5
1707,6
1707,5
1708,3
1709,2
1709,10
1710,1
1711,1
1711,3
1711,2
1711,5
1712,3
1712,2
1713,6
1714,1
1714,2
1715,1
1715,3
1715,2
1716,11
1717,9
1718,9
1719,1
1720,6
1721,6
1722,3
1723,2
1724,1
1724,3
1724,2
1725,1
1725,2
1726,6
1726,4
1727,1
1727,2
1728,1
1728,2
1729,1
1729,2
1730,1
1731,6
1732,2
1733,11
1734,1
1735,1
1736,3
1737,1
1737,2
1738,8
1739,6
1740,1
1741,1
1741,7
1742,1
1743,5
1744,2
1745,1
1746,11
1746,10
1747,1
1748,4
1749,1
1749,3
1749,2
1750,1
1750,3
1751,9
1751,10
1752,5
1753,1
1753,3
1754,1
1754,3
1754,5
1755,1
1755,6
1756,9
1756,10
1757,3
1757,2
1758,3
1758,10
1759,5
1760,8
1760,12
1760,6
1760,9
1761,1
1761,7
1762,1
1763,6
1764,12
1764,6
1764,9
1765,6
1766,6
1767,2
1768,6
1769,3
1769,2
1770,3
1771,2
1772,9
1772,4
1773,3
1774,3
1774,2
1775,1
1775,5
1776,8
1777,3
1777,2
1778,1
1778,9
1779,1
1779,3
1780,4
1781,3
1781,6
1782,1
1782,3
1782,2
1783,1
1783,3
1783,2
1784,3
1784,2
1784,10
1785,2
1786,1
1787,6
1788,3
1789,1
1790,6
1790,4
1791,1
1791,6
1792,8
1793,6
1794,1
1794,7
1795,1
1796,2
1797,1
1797,5
1798,3
1798,2
1798,10
1799,2
1800,6
1801,10
1802,2
1802,4
1803,7
1804,2
1805,9
1806,3
1806,2
1807,1
1807,2
1808,1
1808,3
1809,1
1809,3
1810,6
1811,1
1811,3
1812,8
1813,2
1814,6
1815,1
1815,3
1816,3
1816,10
1817,6
1818,6
1819,6
1819,9
1819,5
1820,1
1820,6
1821,1
1821,3
1821,2
1822,3
1823,8
1824,1
1825,12
1826,3
1827,7
1828,6
1829,1
1830,1
1831,3
1831,2
1832,11
1833,1
1834,1
1835,2
1835,5
1835,10
1836,1
1836,2
1837,6
1837,9
1838,8
1839,12
1839,6
1839,9
1840,2
1841,1
1842,1
1842,4
1843,1
1843,3
1843,2
1843,10
1844,1
1845,9
1845,4
1846,6
1847,1
1847,7
1848,6
1849,8
1850,3
1850,10
1851,1
1852,8
1853,6
1853,7
1854,1
1855,3
1855,10
1856,10
1857,6
1858,1
1859,1
1860,2
1860,6
1860,11
1861,9
1861,11
1861,10
1862,3
1862,5
1863,1
1863,2
1864,5
1865,2
1865,10
1866,8
1866,6
1867,6
1868,1
1869,10
1870,1
1870,2
1871,1
1871,2
1872,6
1872,11
1873,1
1874,11
1875,3
1876,8
1877,1
1877,2
1878,2
1879,6
1880,5
1880,10
1881,1
1882,6
1883,1
1883,2
1884,10
1885,1
1886,3
1887,8
1887,9
1888,1
1889,3
1890,1
1891,3
1891,2
1892,6
1893,3
1893,2
1894,8
1895,2
1896,1
1897,1
1898,2
1899,10
1900,1
1901,1
1901,2
1902,5
1903,3
1903,2
1903,10
1904,1
1904,2
1905,1
1906,6
1907,2
1908,3
1908,2
1909,3
1909,2
1910,3
1910,2
1911,3
1911,2
1912,1
1913,11
1914,2
1915,3
1916,1
1916,3
1917,3
1917,2
1918,3
1919,3
1920,1
1921,3
1921,2
1921,10
1922,1
1923,1
1924,1
1924,7
1925,2
1926,12
1926,6
1926,9
1927,6
1927,9
1928,12
1929,1
1930,8
1931,1
1931,2
1932,6
1933,3
1934,6
1934,9
1934,10
1935,9
1936,1
1937,6
1938,1
1939,1
1940,1
1941,1
1941,2
1942,1
1943,7
1944,1
1944,6
1945,8
1945,6
1946,10
1947,8
1948,2
1948,11
1948,10
1949,1
1950,1
1950,3
1951,6
1952,3
1953,6
1953,10
1954,1
1954,3
1954,2
1955,3
1956,1
1957,6
1958,6
1958,10
1959,6
1960,3
1960,2
1960,10
1961,3
1961,2
1962,1
1962,2
1963,3
1963,2
1964,6
1965,2
1966,1
1966,3
1966,2
1967,12
1967,9
1968,3
1969,1
1969,2
1970,7
1971,6
1971,9
1972,3
1973,1
1974,1
1974,10
1975,4
1976,4
1977,1
1978,6
1978,5
1979,6
1979,9
1980,6
1981,8
1982,6
1982,5
1983,8
1984,3
1985,1
1985,2
1986,1
1987,6
1987,5
1988,1
1989,1
1989,2
1990,3
1991,1
1992,3
1992,2
1992,10
1993,1
1993,3
1994,1
1994,5
1995,1
1995,3
1996,6
1996,5
1997,3
1997,2
1998,3
1998,10
1999,1
1999,6
2000,6
2001,1
2002,4
2003,3
2003,5
2003,10
2004,8
2005,9
2006,3
2007,1
2007,5
2008,2
2008,6
2009,3
2010,1
2011,1
2011,3
2012,1
2012,3
2013,2
2014,2
2015,8
2016,6
2016,11
2017,1
2017,2
2018,1
2019,5
2020,6
2021,1
2022,10
2023,6
2024,1
2025,6
2025,9
2026,8
2026,9
2027,3
2027,2
2028,5
2029,8
2030,2
2031,6
2032,1
2032,3
2032,2
2033,1
2033,2
2034,1
2035,1
2036,6
2037,9
2037,10
2038,9
2039,2
2040,1
2040,4
2041,1
2041,2
2042,3
2043,3
2043,10
2044,1
2045,1
2046,1
2046,7
2047,6
2048,1
2048,2
2049,3
2049,2
2049,5
2049,10
2050,2
2051,5
2052,6
2053,1
2054,3
2055,6
2056,8
2057,2
2058,5
2059,1
2060,1
2061,1
2061,3
2062,1
2063,1
2064,1
2065,1
2066,1
2066,6
2067,2
2067,5
2068,1
2068,5
2069,1
2069,5
2070,11
2070,10
2071,1
2072,1
2073,3
2073,2
2073,10
2074,1
2074,2
2075,1
2076,1
2077,12
2077,6
2078,1
2079,1
2079,3
2080,1
2080,6
2081,2
2081,4
2082,1
2082,2
2083,4
2084,6
2085,3
2086,1
2086,2
2087,6
2088,1
2089,3
2090,1
2090,3
2091,12
2091,3
2092,1
2093,1
2093,2
2094,2
2095,3
2095,2
2095,10
2096,6
2097,1
2098,8
2099,11
2099,10
2100,3
2100,4
2101,8
2101,9
2102,1
2103,6
2103,9
2104,5
2104,7
2105,1
2106,1
2107,1
2108,1
2109,3
2110,6
2111,1
2111,2
2112,6
2113,1
2114,1
2115,1
2116,6
2117,2
2118,3
2119,3
2120,1
2120,2
2121,1
2121,2
2122,1
2123,3
2124,9
2124,10
2125,7
2126,5
2127,5
2128,6
2128,5
2129,12
2130,3
2131,1
2132,1
2132,2
2133,1
2133,3
2134,6
2135,8
2136,1
2137,2
2138,7
2139,1
2140,2
2141,1
2141,3
2142,1
2142,2
2143,5
2144,6
2144,11
2145,1
2145,5
2146,8
2147,1
2147,7
2148,6
2149,1
2150,1
2150,5
2151,3
2152,1
2153,1
2154,6
2155,1
2155,2
2156,1
2156,2
2157,3
2157,2
2158,1
2158,5
2159,1
2160,1
2161,6
2162,2
2163,8
2163,1
2164,6
2165,3
2165,2
2165,9
2166,6
2167,3
2168,1
2168,2
2169,1
2170,3
2171,2
2172,5
2173,2
2174,9
2175,6
2176,6
2177,3
2178,5
2179,3
2180,3
2181,1
2181,2
2182,8
2182,9
2183,1
2183,3
2184,3
2184,2
2185,9
2186,1
2186,3
2186,5
2187,3
2187,2
2188,1
2188,3
2189,2
2189,5
2190,3
2191,5
2192,6
2193,8
2193,12
2193,2
2194,1
2194,2
2195,1
2196,9
2196,10
2197,1
2198,8
2198,6
2199,3
2200,1
2201,6
2201,5
2202,8
2203,1
2204,1
2205,1
2205,11
2205,4
2206,1
2206,2
2207,3
2208,5
2209,1
2210,1
2211,5
2212,6
2212,9
2213,6
2214,1
2215,2
2216,1
2216,3
2216,2
2217,9
2218,3
2218,2
2219,2
2220,9
2221,1
2222,8
2222,9
2223,6
2223,9
2223,4
2224,1
2224,2
2225,1
2226,12
2226,3
2226,2
2227,1
2228,1
2228,2
2229,1
2230,3
2230,2
2231,1
2232,2
2233,1
2234,1
2234,5
2235,1
2235,2
2236,1
2236,2
2237,1
2238,1
2238,3
2238,2
2239,1
2239,2
2240,1
2240,2
2241,2
2242,8
2243,6
2243,5
2244,1
2245,2
2245,5
2246,3
2247,1
2248,1
2249,1
2250,11
2251,1
2251,3
2252,1
2253,3
2253,5
2253,10
2254,1
2255,2
2256,1
2257,3
2258,3
2258,2
2258,5
2259,3
2260,1
2260,3
2260,2
2261,2
2262,5
2263,1
2263,3
2263,10
2264,8
2265,1
2265,2
2266,6
2267,1
2267,2
2268,1
2269,1
2270,1
2270,2
2271,1
2271,2
2272,1
2272,3
2273,9
2273,4
2274,1
2275,8
2276,3
2276,2
2277,3
2277,2
2278,1
2278,3
2278,2
2279,1
2279,3
2280,12
2280,6
2280,9
2281,1
2282,2
2283,1
2283,2
2284,8
2284,1
2285,6
2286,8
2287,3
2287,2
2288,2
2289,1
2290,1
2291,1
2292,1
2292,3
2292,10
2293,1
2293,2
2293,9
2294,1
2295,12
2295,6
2295,9
2296,8
2296,6
2297,2
2297,10
2298,1
2298,3
2298,2
2298,4
2299,1
2300,1
2300,3
2301,2
2302,1
2303,6
2304,1
2305,3
2306,3
2306,2
2307,1
2307,3
2308,6
2309,8
2310,1
2311,1
2311,2
2312,3
2313,1
2314,2
2315,11
2315,10
2316,1
2316,2
2317,12
2317,6
2317,9
2318,6
2318,5
2319,1
2319,3
2320,1
2320,3
2321,5
2321,10
2322,1
2322,2
2323,2
2323,5
2323,10
2324,4
2325,8
2326,3
2327,1
2327,2
2328,1
2328,3
2329,1
2330,6
2330,5
2331,1
2332,2
2333,1
2334,9
2335,6
2336,3
2337,12
2337,1
2337,6
2338,2
2338,9
2339,1
2340,3
2340,2
2341,5
2342,6
2342,9
2342,10
2343,1
2343,3
2344,8
2345,6
2345,9
2346,1
2347,6
2347,5
2348,1
2349,9
2350,1
2350,6
2350,5
2351,2
2352,1
2352,2
2353,4
2354,2
2355,4
2356,1
2356,2
2357,1
2358,1
2358,2
2359,1
2359,3
2360,8
2361,2
2362,6
2362,9
2363,2
2364,6
2364,9
2365,1
2366,1
2366,6
2367,3
2367,4
2368,8
2368,12
2368,9
2369,1
2370,1
2370,3
2370,2
2371,2
2372,3
2372,2
2373,1
2373,3
2374,3
2374,2
2374,10
2375,1
2376,3
2377,1
2378,1
2378,3
2378,2
2379,4
2379,10
2380,2
2380,9
2381,1
2382,1
2383,8
2384,6
2385,1
2385,2
2385,10
2386,6
2386,4
2386,10
2387,1
2387,3
2388,1
2388,2
2389,6
2390,1
2390,2
2390,7
2391,6
2392,3
2393,6
2393,11
2394,3
2394,2
2394,9
2395,1
2396,3
2396,2
2397,2
2397,9
2398,3
2399,6
2400,1
2400,2
2401,1
2401,7
2402,1
2402,3
2402,2
2403,6
2404,6
2404,5
2405,8
2406,1
2406,2
2407,3
2408,1
2408,6
2409,1
2409,2
2410,3
2410,10
2411,1
2412,3
2412,5
2412,10
2413,3
2414,1
2414,3
2414,2
2415,6
2415,9
2416,6
2416,5
2417,3
2417,2
2417,11
2417,10
2418,3
2418,2
2419,3
2420,1
2420,6
2421,6
2421,10
2422,11
2423,6
2423,5
2424,1
2424,3
2425,1
2425,2
2426,8
2426,9
2427,6
2428,6
2428,11
2429,9
2429,4
2430,2
2430,6
2431,1
2431,3
2432,3
2432,2
2433,1
2433,2
2434,2
2435,3
2436,1
2436,4
2437,4
2438,2
2438,10
2439,3
2440,11
2440,10
2441,1
2442,3
2442,2
2443,1
2443,2
2444,3
2445,1
2445,3
2445,2
2446,1
2446,2
2447,2
2448,2
2448,10
2449,3
2450,11
2450,10
2451,1
2452,1
2453,1
2454,3
2454,2
2455,1
2455,3
2456,6
2457,1
2458,3
2458,2
2459,6
2459,9
2459,10
2460,6
2461,4
2462,9
2463,1
2464,1
2464,3
2465,3
2465,2
2466,8
2467,1
2468,6
2469,5
2470,3
2470,2
2471,8
2472,1
2472,5
2473,11
2473,10
2474,1
2474,10
2475,12
2476,8
2476,1
2477,1
2477,2
2478,8
2478,6
2478,9
2479,2
2479,10
2480,6
2481,1
2482,1
2483,1
2483,3
2483,2
2484,1
2484,3
2485,2
2485,10
2486,3
2487,1
2487,5
2488,3
2488,2
2489,1
2489,3
2489,2
2490,3
2490,2
2491,3
2491,2
2492,1
2492,2
2493,1
2494,1
2494,6
2494,5
2495,6
2495,5
2496,1
2496,3
2496,2
2497,9
2497,4
2498,1
2499,1
2499,3
2499,2
2500,1
2500,3
2500,2
2501,2
2501,10
2502,2
2502,5
2503,6
2503,9
2503,10
2504,3
2505,5
2506,1
2506,7
2507,7
2508,3
2508,6
2508,5
2509,1
2509,6
2510,1
2510,3
2511,1
2512,1
2512,3
2513,3
2514,1
2514,6
2515,8
2516,8
2517,1
2517,2
2518,1
2518,2
2519,6
2520,1
2520,3
2520,2
2521,1
2522,6
2522,9
2522,11
2523,2
2524,10
2525,3
2525,2
2526,1
2527,6
2528,2
2529,1
2529,2
2530,1
2531,2
2532,1
2532,2
2533,1
2533,3
2533,6
2534,2
2535,9
2535,4
2536,1
2537,3
2538,1
2538,7
2539,9
2540,12
2540,9
2541,9
2542,6
2542,5
2543,3
2543,2
2544,3
2545,3
2545,2
2546,3
2546,2
2546,10
2547,1
2547,2
2548,3
2549,1
2549,4
2550,2
2551,1
2551,2
2552,1
2552,2
2553,1
2553,6
2554,3
2555,2
2556,1
2556,3
2557,7
2558,9
2558,5
2559,1
2559,2
2559,5
2560,3
2560,2
2560,10
2561,1
2561,3
2562,1
2562,3
2562,2
2563,1
2564,5
2565,2
2566,3
2566,2
2566,10
2567,12
2567,6
2567,9
2568,1
2568,4
2569,1
2569,3
2569,2
2570,2
2570,10
2571,1
2572,7
2573,1
2573,5
2573,10
2574,6
2575,2
2576,8
2577,1
2577,2
2578,1
2578,7
2579,2
2580,1
2580,6
2581,6
2581,5
2581,4
2582,3
2583,1
2584,3
2585,3
2585,2
2585,9
2586,1
2586,2
2587,1
2588,1
2589,1
2589,2
2590,6
2590,11
2591,8
2591,9
2592,6
2593,3
2593,2
2594,3
2595,2
2596,12
2597,1
2597,3
2597,2
2598,4
2599,1
2599,5
2600,2
2601,3
2601,11
2601,10
2602,1
2602,3
2603,6
2604,2
2604,6
2605,1
2606,1
2607,3
2607,5
2608,1
2608,2
2609,1
2609,5
2610,2
2610,9
2611,6
2612,6
2612,5
2612,10
2613,2
2614,2
2615,3
2616,3
2616,5
2617,3
2618,8
2619,3
2619,10
2620,9
2621,8
2622,1
2623,2
2624,1
2624,4
2625,1
2626,2
2627,4
2628,8
2628,6
2629,6
2629,9
2629,11
2629,10
2630,5
2631,12
2631,2
2632,1
2633,6
2634,9
2634,5
2634,4
2635,6
2635,4
2636,12
2636,6
2636,9
2637,3
2638,1
2639,2
2640,3
2640,2
2640,6
2641,1
2641,5
2642,3
2643,1
2643,3
2644,3
2645,2
2646,1
2646,3
2647,1
2648,6
2649,1
2650,2
2650,9
2651,5
2652,2
2652,10
2653,1
2653,2
2654,1
2654,2
2655,2
2656,1
2656,3
2657,1
2658,1
2658,7
2659,1
2659,5
2660,5
2661,1
2662,3
2662,2
2663,6
2664,1
2665,3
2666,1
2667,1
2668,1
2669,2
2670,6
2671,2
2672,2
2673,1
2673,2
2674,10
2675,1
2676,2
2677,1
2677,5
2678,1
2678,3
2679,1
2680,1
2681,6
2682,1
2683,1
2683,3
2684,1
2684,5
2685,1
2686,1
2686,2
2687,2
2687,10
2688,4
2689,6
2690,6
2691,11
2692,4
2693,1
2693,2
2694,1
2694,3
2694,2
2695,1
2696,6
2697,1
2698,2
2699,11
2699,10
2700,1
2701,1
2702,1
2702,5
2703,1
2703,3
2703,2
2704,2
2705,6
2705,10
2706,8
2706,9
2707,12
2707,6
2708,1
2708,7
2709,6
2709,4
2710,8
2711,2
2711,10
2712,12
2712,3
2713,1
2713,3
2714,1
2715,1
2715,6
2716,2
2717,1
2717,2
2718,3
2719,6
2719,5
2720,3
2721,1
2721,6
2722,11
2722,10
2723,1
2724,2
2725,2
2725,5
2726,1
2727,1
2728,1
2729,2
2729,5
2730,1
2731,1
2731,2
2732,1
2733,1
2733,4
2734,1
2735,1
2735,3
2735,2
2736,2
2737,1
2737,3
2738,3
2738,2
2739,5
2740,3
2741,3
2741,2
2741,4
2742,1
2743,8
2743,12
2744,1
2744,3
2744,2
2745,1
2746,1
2747,1
2748,3
2749,8
2750,1
2751,11
2751,10
2752,6
2753,3
2753,2
2754,1
2755,5
2756,11
2756,10
2757,3
2757,10
2758,11
2758,10
2759,1
2760,1
2761,1
2762,1
2763,1
2763,6
2764,6
2764,9
2765,1
2765,2
2766,3
2767,6
2768,1
2769,1
2769,2
2770,1
2770,3
2771,1
2772,1
2773,1
2774,6
2775,3
2775,2
2776,1
2776,5
2777,1
2777,3
2778,6
2779,1
2779,3
2780,7
2781,1
2782,1
2783,1
2783,2
2784,1
2785,1
2785,2
2786,9
2787,3
2788,1
2789,3
2789,2
2790,1
2790,5
2790,10
2791,6
2792,2
2792,5
2793,6
2793,10
2794,1
2795,3
2796,1
2796,2
2797,2
2797,6
2797,11
2797,10
2798,1
2798,3
2799,1
2799,4
2800,1
2800,3
2801,1
2802,6
2802,9
2802,10
2803,1
2804,1
2805,9
2805,4
2806,10
2807,2
2808,1
2808,7
2809,1
2809,3
2810,1
2810,2
2811,1
2812,3
2812,10
2813,1
2813,3
2814,11
2814,10
2815,1
2815,7
2816,3
2816,2
2817,3
2818,1
2818,6
2818,7
2819,11
2819,10
2820,1
2821,11
2821,10
2822,3
2822,2
2823,12
2823,6
2823,9
2824,11
2824,10
2825,11
2825,10
2826,1
2827,1
2828,1
2829,3
2829,2
2829,4
2830,1
2831,1
